Subreddit,Title,Created,Upvotes,Comments,Sentiment,Decision
wallstreetbets,+32k this week. Puts on… everything,2025-04-04 20:47,116,9,0.21,BUY
wallstreetbets,AAPL PUTS. Almost 100k in gains,2025-04-04 09:00,706,24,0.538,BUY
wallstreetbets,"This week I started trading options for the first time and made a 3k profit, then put 2k into 1DTE Apple puts yesterday. This was the result",2025-04-04 08:45,363,71,0.5,BUY
wallstreetbets,Is aapl call gonna print,2025-04-03 16:54,16,63,0.25,BUY
wallstreetbets,"Started options last week, nuked half my portfolio, and then tripled",2025-04-03 15:30,80,34,-0.35,SELL
wallstreetbets,Riding with Apple,2025-04-03 11:03,35,60,0.0,HOLD
wallstreetbets,SPY PUTS,2025-04-02 18:26,35,26,0.161,HOLD
wallstreetbets,Tariffs on Tech,2025-03-31 21:40,124,69,0.353,BUY
stocks,Is the US and China “decoupling”?,2025-04-04 22:11,0,27,0.239,BUY
stocks,Interesting Stocks Today (04/4) - China Strikes Back,2025-04-04 08:11,6,16,0.372,BUY
stocks,"r/Stocks Daily Discussion & Fundamentals Friday Apr 04, 2025",2025-04-04 04:30,37,2568,0.395,BUY
stocks,How the USA government calculated the % tariffs charged to the USA by each country,2025-04-03 14:34,136,57,0.265,BUY
stocks,"Apple sheds $300 billion in tariff-fueled sell-off, on track for worst drop since March 2020",2025-04-03 13:13,211,66,-0.775,SELL
stocks,Interesting Stocks Today (04/3) - Liberation Day,2025-04-03 08:12,0,19,0.068,HOLD
stocks,Did I mess up In my choice of diversification?,2025-04-02 19:53,0,25,0.036,HOLD
stocks,Should I actually buy stocks as I buy options?,2025-04-01 11:24,0,11,0.108,HOLD
investing,Help me tax loss harvest in the most efficient way,2025-04-05 18:08,3,8,0.705,BUY
investing,How can you pass up DCA into AAPL?,2025-04-03 08:59,0,25,0.255,BUY
investing,Can someone explain this for me?,2025-04-03 04:55,0,12,0.395,BUY
investing,Should I actually buy stocks when exercising right of options?,2025-04-01 11:26,1,7,0.108,HOLD
stockmarket,Help me tax loss harvest in the most efficient way,2025-04-05 18:09,0,0,0.705,BUY
stockmarket,S&P 500: 5-Day Returns (2025 Week 14),2025-04-05 08:00,8,1,0.0,HOLD
stockmarket,"Information Technology, Health Care, Financials, Communication Services, Industrials, Consumer Staples, as well as Energy and Utilities got hammered.",2025-04-04 23:31,12,6,0.751,BUY
stockmarket,"Wait, whats this? Is there any reason for some retail stocks to go this hard against the market?? (centre, bottom)",2025-04-04 18:57,1,7,-0.259,SELL
stockmarket,So much winning!,2025-04-04 16:45,2146,77,0.045,HOLD
stockmarket,What's next? My thesis,2025-04-04 16:39,5,2,0.389,BUY
stockmarket,Where is this stock market view from?,2025-04-04 15:59,19,11,0.0,HOLD
stockmarket,Did a Big Hedge Fund Just Blow Up? $200M Losses Seem Likely,2025-04-04 15:17,11,5,-0.634,SELL
stockmarket,"Week Recap: The S&P 500 has dropped 9% this week. Its worst week since the COVID crash. Mar. 31, 2025 - Apr. 4, 2025",2025-04-04 15:12,598,119,-0.071,HOLD
stockmarket,How long to get back what I invested?,2025-04-04 14:26,0,16,0.0,HOLD
stockmarket,Why did all stocks drop and then suddenly rise again? What trend did i miss?,2025-04-04 10:23,4,62,-0.47,SELL
stockmarket,Interesting Stocks Today (04/4) - China Strikes Back,2025-04-04 08:12,3,3,0.384,BUY
stockmarket,"Over $3 trillion has been wiped out from US stock market, ranking this as the worst day for the markets since June 2020.",2025-04-03 21:51,2860,159,-0.625,SELL
stockmarket,Can someone explain the stock market to me,2025-04-03 10:30,3,69,-0.214,SELL
stockmarket,"S&P 500, Nasdaq tank, Dow drops over 1,400 points as Trump's tariffs rip through markets worldwide",2025-04-03 09:36,101,2,-0.276,SELL
stockmarket,"One of these things is not like the others; can anyone explain, in actual financial terms, why Tesla is green?",2025-04-03 08:54,25,40,-0.448,SELL
stockmarket,Interesting Stocks Today (04/3) - Liberation Day,2025-04-03 08:15,2,2,0.068,HOLD
stockmarket,Exited most of my positions,2025-04-02 14:32,71,62,0.332,BUY
stockmarket,Why am I paying money to sell my butterfly spread?,2025-04-01 15:41,13,1,-0.18,SELL
stockmarket,"Market summary - Tuesday APR 1, 2025 (summary in the comments)",2025-04-01 15:04,0,15,0.0,HOLD
stockmarket,Tables are tilted. I refuse to believe this is just coincidence.,2025-03-31 15:46,487,212,-0.506,SELL
stockmarket,"Month Recap: The S&P 500 had extended losing streak to 2-months. Will it continue in April? Feb. 28, 2025 - Mar. 31, 2025",2025-03-31 15:08,235,76,0.166,HOLD
stockmarket,What's Going On?,2025-03-31 13:19,4324,1147,-0.336,SELL
stockmarket,S&P 500: 5-Day Returns (2025 Week 13),2025-03-31 07:26,4,1,0.0,HOLD
stockmarket,Will the stock market be in a bearish trend? Probably we will see in this week.,2025-03-31 03:45,52,51,0.25,BUY
options,Please help,2025-04-05 09:36,0,35,0.708,BUY
options,Long dated leap options,2025-04-04 20:46,1,7,0.01,HOLD
options,"High IV Puts, No Problem!",2025-04-04 19:13,12,7,0.609,BUY
options,"I'm Playing the Long side here, perfect for options.",2025-04-04 18:14,0,99,0.61,BUY
options,Option liquidity yesterday at around noon stopped for some less liquid assets,2025-04-04 08:26,6,3,0.247,BUY
